<?xml version="1.0" encoding="UTF-8" ?>
<!DOCTYPE mapper PUBLIC "-//mybatis.org//DTD Mapper 3.0//EN" "http://mybatis.org/dtd/mybatis-3-mapper.dtd" >
<mapper namespace="blog.mapper.RoleMapper" >
  <resultMap id="BaseResultMap" type="blog.dao.Role" >
    <id column="id" property="id" jdbcType="INTEGER" />
    <result column="name" property="name" jdbcType="VARCHAR" />
  </resultMap>
  <sql id="Base_Column_List" >
    id, name
  </sql>
  <select id="selectByPrimaryKey" resultMap="BaseResultMap" parameterType="java.lang.Integer" >
    select 
    <include refid="Base_Column_List" />
    from b_role
    where id = #{id,jdbcType=INTEGER}
  </select>
  <delete id="deleteByPrimaryKey" parameterType="java.lang.Integer" >
    delete from b_role
    where id = #{id,jdbcType=INTEGER}
  </delete>
  <insert id="insert" parameterType="blog.dao.Role" >
    insert into b_role (id, name)
    values (#{id,jdbcType=INTEGER}, #{name,jdbcType=VARCHAR})
  </insert>
  <insert id="insertSelective" parameterType="blog.dao.Role" >
    insert into b_role
    <trim prefix="(" suffix=")" suffixOverrides="," >
      <if test="id != null" >
        id,
      </if>
      <if test="name != null" >
        name,
      </if>
    </trim>
    <trim prefix="values (" suffix=")" suffixOverrides="," >
      <if test="id != null" >
        #{id,jdbcType=INTEGER},
      </if>
      <if test="name != null" >
        #{name,jdbcType=VARCHAR},
      </if>
    </trim>
  </insert>
  <update id="updateByPrimaryKeySelective" parameterType="blog.dao.Role" >
    update b_role
    <set >
      <if test="name != null" >
        name = #{name,jdbcType=VARCHAR},
      </if>
    </set>
    where id = #{id,jdbcType=INTEGER}
  </update>
  <update id="updateByPrimaryKey" parameterType="blog.dao.Role" >
    update b_role
    set name = #{name,jdbcType=VARCHAR}
    where id = #{id,jdbcType=INTEGER}
  </update>
   <!-- 自己编写的方法 -->
  <select id="getRoleListByUserId" parameterType="java.lang.Integer" resultType="blog.dao.Role">
    select r.*  from b_role r 
    left join b_user_role ur on r.id=ur.roleId
    where ur.userId=#{userId}
  </select>
  <select id="getRoleList" parameterType="java.lang.Integer" resultType="blog.dao.Role">
    select * from b_role where 1=1
    <if test="id!=null">and id=#{id}</if>
  </select>
  <select id="getNameCount" parameterType="java.lang.String" resultType="java.lang.Integer">
   select count(id) from b_role where name=#{roleName}
  </select>
</mapper>